video_name,keywords,img_path,objects,metadata_fn,region,tag
Juezhannanjing,"government, military, politics, president, war, respect",MC-VCR_sample/0.jpg,"person, person, person",MC-VCR_sample/0.json,east-asia,"man, martial, monk, preacher, robe, stand, uniform, writing"
Juezhannanjing,"wedding, soldier, bride, groom, shy, luck",MC-VCR_sample/1.jpg,"person, suitcase, suitcase, person, person",MC-VCR_sample/1.json,east-asia,"trench coat, bureau, cloth, coat, jacket, luggage, man, red, robe, room, stack, stand, wear"
Juezhannanjing,"campaign, teacher, student, suggestion, revolt",MC-VCR_sample/2.jpg,"person, person, book, book, book, dining table, book, handbag",MC-VCR_sample/2.json,east-asia,"wand, table, person, man, scroll, stand, sword, woman"
A Little Reunion,"breakfast, office, wait, peddler, customer, cook",MC-VCR_sample/3.jpg,"person, person, person, person, bowl, person, bowl, tie, cup",MC-VCR_sample/3.json,east-asia,"cart, cook, crowded, food, food stand, person, man, stand, stool, street food, street vendor, vendor, woman"
A Little Reunion,"home, student, uniform, parents, breakfast, go to school",MC-VCR_sample/4.jpg,"person, person, person, chair, bowl, chair, potted plant, potted plant, dining table, bowl, vase, potted plant, frisbee, bowl",MC-VCR_sample/4.json,east-asia,"conversation, table, dinning table, food, person, man, room, sit, stool, woman"
A Little Reunion,"exam, score, school, high school, uniform, shy, praise",MC-VCR_sample/5.jpg,"person, person, person, person, person, person, person, person, person, person, person, person, person, person, person, person, person, person, person, person, person, book, person, book, book, book, person",MC-VCR_sample/5.json,east-asia,"blue, bookcase, bookshelf, boy, child, choir, hand, library, prayer, student, school uniform, sing, stand, uniform, wear"
Red Sorghum,"market, goods, businessman, snack, soldier",MC-VCR_sample/6.jpg,"person, person, person, person, person",MC-VCR_sample/6.json,east-asia,"alley, catch, guard, person, man, stand, sun hat, sword, walk, wear"
Red Sorghum,"funeral, kitchen, mill, countryside",MC-VCR_sample/7.jpg,"person, person, bowl, dining table, bowl, pizza, bed, handbag",MC-VCR_sample/7.json,east-asia,"cinema, table, food, person, man, robe, room, scene, stand, stool, woman"
Red Sorghum,"wedding, groom, boss, subordinate",MC-VCR_sample/8.jpg,"person, person, person, person, person, person",MC-VCR_sample/8.json,east-asia,"actor, cinema, curtain, dress shirt, garment, man, red, shirt, stand, tie, wear"
Red Sorghum,"visit, servant, maid, drug, bedroom",MC-VCR_sample/9.jpg,"person, person, person, person, person, potted plant",MC-VCR_sample/9.json,east-asia,"boy, child, conversation, curtain, family, person, man, room, stand, woman"
Years of Passion,"regulation, license, sale, officers",MC-VCR_sample/10.jpg,"person, person, person, person, person, person, person, handbag, backpack",MC-VCR_sample/10.json,east-asia,"alley, boy, floor, person, man, pavement, stand, walk"
Years of Passion,"station, ticket, farewell",MC-VCR_sample/11.jpg,"person, person, person, person, person, train, person, person, person, person, person, person, person, person, umbrella",MC-VCR_sample/11.json,east-asia,"green, person, passenger, passenger train, railway station, sign, stand, station, subway, train, train car, walk, writing"
Wodeboshilaogong,"job, seek, competitor, resume, rush",MC-VCR_sample/12.jpg,"person, person, person, person, person, person, person",MC-VCR_sample/12.json,east-asia,"assembly, catch, crowd, crowded, demonstration, flag, person, laugh, man, paper, protest, protester, sign"
Wodeboshilaogong,"beijing, stadium, photo, camera, couple",MC-VCR_sample/13.jpg,"person, person, person, handbag, person, bench",MC-VCR_sample/13.json,east-asia,"building, conversation, couple, hand, person, man, night, night view, pedestrian bridge, rail, shake, shopping bag, stand, talk, woman"
Wodeboshilaogong,"massage, tired, relax, waitress",MC-VCR_sample/14.jpg,"person, person, person, potted plant, person, chair, cup, cup",MC-VCR_sample/14.json,east-asia,"person, lay, man, massage, relax, spa, stool, woman"
Let the Bullets Fly,"rob, countryside, gang",MC-VCR_sample/15.jpg,"person, person, person, person, person, person, person, person, person, person, person, person",MC-VCR_sample/15.json,east-asia,"shield, cheer, crowd, hand, person, leader, man"
Ordinary World,"drought, dry, house, children, grandpa, cave",MC-VCR_sample/16.jpg,"person, person, person, person",MC-VCR_sample/16.json,east-asia,"bend, boy, child, girl, person, man, pet, stand, warehouse, woman"
Ordinary World,"funeral, mourn, dead, family",MC-VCR_sample/17.jpg,"person, person",MC-VCR_sample/17.json,east-asia,"creek, couple, path, girl, person, lush, man, shovel, stand, woman"
Ordinary World,"bed, warm, smoke, beer, luck",MC-VCR_sample/18.jpg,"person, person, dining table, cup, dining table",MC-VCR_sample/18.json,east-asia,"conversation, table, dinning table, food, person, man, sit, tile wall"
Crime Scene2,"family, party, meal, respect, angry",MC-VCR_sample/19.jpg,"person, person, person, bowl, bowl, dining table, spoon, wineglass, person, wineglass, person, vase, bowl, bowl, cup, bowl, person, person, bowl, spoon, chair, bowl",MC-VCR_sample/19.json,east-asia,"table, dinner, dinner party, dinning table, family, feast, food, person, meal, platter, sit"
Crime Scene2,"police, policeman, discussion, case",MC-VCR_sample/20.jpg,"person, person, person",MC-VCR_sample/20.json,east-asia,"clipboard, conversation, jacket, man, office building, pen, room, stand, talk"
Empresses in the Palace,"ancient, forgive, servant, royalty, queen, apologize, palace",MC-VCR_sample/21.jpg,"person, person, person, person, person, person, person, person, person, person, person, person",MC-VCR_sample/21.json,east-asia,"building, costume, dress, garment, person, palace, red, robe, stand, temple, traditional, walk, wear, woman"
Empresses in the Palace,"dance, palace, party, servant, royalty, happy",MC-VCR_sample/22.jpg,"person, person, person, person, person, person, person, person, person, person, person",MC-VCR_sample/22.json,east-asia,"cloth, dance, dancer, dress, garment, girl, person, perform, pink, preacher, robe, traditional, veil, wear, woman"
Empresses in the Palace,"papercut, festival, servant, concubine, palace, royalty, luck, celebration",MC-VCR_sample/23.jpg,"person, person, person, person, person, person, person",MC-VCR_sample/23.json,east-asia,"actor, child, costume, dress, family, garment, geisha, girl, person, play, pose, stand, traditional, woman"
Juezhannanjing,"military, strategy, war, soldier, general, meeting",MC-VCR_sample/24.jpg,"person, person, person, person, person, person, chair, chair, cup, suitcase",MC-VCR_sample/24.json,east-asia,"table, dinning table, dress, food, person, man, meal, soldier, uniform, wear"
Juezhannanjing,"temple, buddist, religion, lovers, general, bless, luck, pray",MC-VCR_sample/25.jpg,"person, person, tie",MC-VCR_sample/25.json,east-asia,"army, conversation, drama, dress, garment, guard, person, man, officer, stand, uniform, vest, wear, woman"
Juezhannanjing,"breakfast, pancake, egg, cook, soldier, troop",MC-VCR_sample/26.jpg,"person, person, person, person, bowl, bowl, bowl, oven, potted plant, bowl",MC-VCR_sample/26.json,east-asia,"alley, cob, cook, food, person, man, pot, stool, street vendor, woman"
Like a Flowing River,"criticize, apologize, office, officer, slogan",MC-VCR_sample/27.jpg,"person, person, person, person, cup",MC-VCR_sample/27.json,east-asia,"lamp, bulletin board, classroom, conversation, table, person, man, room, stand, talk, woman, writing"
Like a Flowing River,"roommate, college, university, meal, dormitory",MC-VCR_sample/28.jpg,"person, person, cup, person, bottle, person, cup, person, cup, cup, dining table, bottle",MC-VCR_sample/28.json,east-asia,"beverage, bunk bed, chopstick, conversation, table, drink, food, person, man, sit, train car"
Like a Flowing River,"wedding, countryside, couple, villager, party",MC-VCR_sample/29.jpg,"person, person, person, person, person, person, person, person, person, person, person, person, person, person, person, person, person, person, umbrella, person, chair, person, person, person",MC-VCR_sample/29.json,east-asia,"building, crowd, crowded, collect, gathering, hay, person, hut, man, stand, writing"
Like a Flowing River,"funeral, mourn, angry, cry, sadness",MC-VCR_sample/30.jpg,"person, person, person, person, person",MC-VCR_sample/30.json,east-asia,"adjust, business suit, person, man, tie"
Like a Flowing River,"funeral, mourn, comfort, cry, sadness",MC-VCR_sample/31.jpg,"person, person, person, person",MC-VCR_sample/31.json,east-asia,"conversation, laugh, man, stand, tie, wear, writing"
Like a Flowing River,"leisure, elders, play, mahjong, card",MC-VCR_sample/32.jpg,"person, person, person, person, person, person",MC-VCR_sample/32.json,east-asia,"board game, card game, chess, cigarette, conversation, table, domino, game, person, man, play, woman"
Like a Flowing River,"hospital, register, visit",MC-VCR_sample/33.jpg,"person, person, person, person, person, person, handbag, person, clock",MC-VCR_sample/33.json,east-asia,"building, bulletin board, classroom, doorway, hand, girl, person, pink, red, room, school, shirt, stand, talk, woman"
Like a Flowing River2,"wedding, restaurant, couple, waitress, friend, relative, party, celebration",MC-VCR_sample/34.jpg,"person, person, person, person, person, person, person, person, person, tie, potted plant, potted plant",MC-VCR_sample/34.json,east-asia,"building, business suit, businessman, conversation, doorway, elevator, enter, person, man, office building, shake, stand, talk, woman"
Like a Flowing River2,"arrest, prisoner, friends",MC-VCR_sample/35.jpg,"person, person, person",MC-VCR_sample/35.json,east-asia,"hug, person, man, stand, woman"
So Young,"dormitory, boyfriend, visit, college, university",MC-VCR_sample/36.jpg,"person, person, bed, person, person, person, person, bowl, person, bottle, bottle",MC-VCR_sample/36.json,east-asia,"closet, doorway, dressing room, girl, person, locker, man, room, selfie, stand, woman"
Apart Together,"wedding, photo, bride, groom, couple",MC-VCR_sample/37.jpg,"person, person, tie",MC-VCR_sample/37.json,east-asia,"backdrop, business suit, couple, curtain, person, man, photo, pose, red, sit, stool, woman, yellow"
Spring Festival,"market, celebration, new year, festival, crowd",MC-VCR_sample/38.jpg,"person, person, person, person, person, person, person, person, person, person, person, person, person, person, person, person",MC-VCR_sample/38.json,east-asia,"balloon, catch, crowd, crowded, festival, person"
Spring Festival,"welcome, experience, foreigner, festival, celebration",MC-VCR_sample/39.jpg,"person, person, person, person, person, person, couch, chair, tv, chair, couch, couch",MC-VCR_sample/39.json,east-asia,"armchair, person, living room, man, play, room, stand, television, Wii, woman"
Spring Festival,"dumpling, experience, foreigner, praise, food, party",MC-VCR_sample/40.jpg,"person, person, bottle, tie, couch",MC-VCR_sample/40.json,east-asia,"conversation, table, hand, food, give, person, man, sit, talk, woman"
Wodeboshilaogong,"doctor, clinic, medicine, patient, family, prescript",MC-VCR_sample/41.jpg,"person, person, person, person, potted plant, person",MC-VCR_sample/41.json,east-asia,"cherry blossom, table, dinning table, family, food, person, man, room, sit, tree, woman"
Dahua Hongniang,"couple, boyfriend, self-introduction, match, matchmaker",MC-VCR_sample/42.jpg,"person, person, person, person, person, person, person, wineglass, person, person, person, wineglass, person, person, person, umbrella, person, person, handbag, person",MC-VCR_sample/42.json,east-asia,"business suit, conversation, event, person, man, stand, talk, woman"
A Little Reunion,"school, parents, support, cheer, sports",MC-VCR_sample/43.jpg,"person, person, person, person, person, tie, person, person, person, tie, person, person, person, person, tie, person, person, person, person, person, person, person, tie, person, laptop, umbrella, tie, tie, tie, person, person",MC-VCR_sample/43.json,east-asia,"assembly, catch, cheer, crowd, demonstration, flag, person, leader, placard, red, sign, wave"
I will find you a better home,"breakfast, officer, morning",MC-VCR_sample/44.jpg,"person, person, person, person, person, handbag",MC-VCR_sample/44.json,east-asia,"apron, bulletin board, buy, conversation, doorway, food, food stand, person, man, stand, stool, store, storefront, tray, waiter, woman, writing"
I will find you a better home,"salesman, house, slogan, encourage, staff",MC-VCR_sample/45.jpg,"person, person, person, person, person, person, person, person, person",MC-VCR_sample/45.json,east-asia,"arm, building, business suit, business team, businessman, cheer, hand, person, man, office building, mall, stand, storefront"
I will find you a better home,"funeral, music, sad, mourn, dead, death, countryside",MC-VCR_sample/46.jpg,"person, person, person, person, person, bottle, person, person, person, person, person, chair, person, person, cup, person, person, dining table, person, person, person, person, person, person, handbag, bottle, person, person",MC-VCR_sample/46.json,east-asia,"alley, building, crowd, crowded, gathering, person, instrument, mill, music, play, sing, sit, stone building, stool"
Little Soldier Zhang Ga,"war, japan, soldiers, general",MC-VCR_sample/47.jpg,"person, person, person, person",MC-VCR_sample/47.json,east-asia,"conversation, person, khaki, man, stand, talk, wear"
Little Soldier Zhang Ga,"troop, soldier, win, villager, welcome",MC-VCR_sample/48.jpg,"person, person, person, person, person, person, person, person",MC-VCR_sample/48.json,east-asia,"carry, catch, dirt road, flag, person, man, rural, walk"
Empresses in the Palace,"palace, royalty, servant, concubine, respect, bow",MC-VCR_sample/49.jpg,"person, person, person, person, person, potted plant",MC-VCR_sample/49.json,east-asia,"building, clothing, costume, dress, garment, girl, person, man, robe, stand, temple, traditional, wear, woman"
Love In the Moonlight,"drama, irony, villager, satire",MC-VCR_sample/kor_0.jpg,"person, person, person, person, person, person, person, person, person, person, person, person, person, person, person, person, person, person, person, person, person, person, person",MC-VCR_sample/kor_0.json,east-asia,"crowd, crowded, dance, dress, festival, garment, gathering, person, man, robe"
Love In the Moonlight,"wineglass, noble, tavern, meal",MC-VCR_sample/kor_1.jpg,"person, person, person, cup, bowl, cup, bottle, dining table, tie, bowl",MC-VCR_sample/kor_1.json,east-asia,"couple, table, dress, food, garment, person, hut, man, robe, stand, stool, sun hat, traditional, wear, woman"
Love In the Moonlight,"palace, maid, shock",MC-VCR_sample/kor_2.jpg,"person, person, person, person, bear",MC-VCR_sample/kor_2.json,east-asia,"building, dress, garment, girl, green, student, robe, school uniform, stand, traditional, uniform, wear, woman"
Mr. Sunshine,"colonizer, policeman, family, brave, korea, station",MC-VCR_sample/kor_3.jpg,"person, person, person, person, person, person, person, person, tie",MC-VCR_sample/kor_3.json,east-asia,"costume, dress, dress hat, garment, gun, person, instrument, man, parade, peak, play, rifle, robe, stand, traditional, weapon, wear, woman"
Mr. Sunshine,"handwriting, servant, writing, noble, study, brush",MC-VCR_sample/kor_4.jpg,"person, person, cell phone, potted plant, vase, chair, tie",MC-VCR_sample/kor_4.json,east-asia,"table, floor, person, man, paper, robe, room, sit, stool, woman"
Mr. Sunshine,"kneel, death, desperation",MC-VCR_sample/kor_5.jpg,"person, person, person, person, person, person",MC-VCR_sample/kor_5.json,east-asia,"floor, huddle, person, hut, lay, man, pavement, robe"
Mr. Sunshine,"war, battlefield, korea, japan",MC-VCR_sample/kor_6.jpg,"person, person, person, person, person, person, person, person, person, person, person, person, person, baseball bat, person",MC-VCR_sample/kor_6.json,east-asia,"army, catch, field, flag, formation, grass, grassy, gun, person, man, rifle, soldier, stand, troop, weapon"
Mom Has an Affair,"school, student, teacher",MC-VCR_sample/kor_7.jpg,"person, person, person, person, person, person, tie, person, tie, person, tie, tie",MC-VCR_sample/kor_7.json,east-asia,"dress, girl, student, school uniform, sing, stand, uniform, wear, woman"
Mom Has an Affair,"check, home, study, mother, textbook, student",MC-VCR_sample/kor_8.jpg,"person, person, chair",MC-VCR_sample/kor_8.json,east-asia,"boy, bulletin board, child, coat, girl, lab coat, room, stand, stool, woman"
Inside Men,"meal, wineglass",MC-VCR_sample/kor_9.jpg,"person, person, bottle, cup, bowl, bottle, dining table, bowl, bottle, bottle, tie, bowl, bowl",MC-VCR_sample/kor_9.json,east-asia,"conversation, couple, table, dinner, dinning table, food, person, man, meal, sit"
Inside Men,"apologize, bow",MC-VCR_sample/kor_10.jpg,"person, person, person, person, person, person, person, person, person, person, person, person, person, person, person, tie, person, person, tie, tie, person, tie",MC-VCR_sample/kor_10.json,east-asia,"building, business suit, businessman, cocktail dress, pillar, courthouse, person, line, man, office building, stair, stand, stone building, suit, tie, wear"
Mr. Sunshine,"exchange, loan, counter, pawn",MC-VCR_sample/kor_11.jpg,"person, person, person, person, person, dining table",MC-VCR_sample/kor_11.json,east-asia,"building, bulletin board, conversation, couple, doorway, dress, food, person, hut, man, scroll, shrine, stand, stool, store, storefront, talk, woman, writing"
Mom Has an Affair,"school, pick up, rainy, isolated, students",MC-VCR_sample/kor_12.jpg,"person, person, umbrella, umbrella, person, person, umbrella, person",MC-VCR_sample/kor_12.json,east-asia,"catch, couple, cross, person, man, pavement, rain, road, street corner, umbrella, walk, woman"
High Kick!,"clinic, doctor, medicine",MC-VCR_sample/kor_13.jpg,"person, person, chair",MC-VCR_sample/kor_13.json,east-asia,"bureau, conversation, table, person, laugh, man, tie, wear, woman"
High Kick!,"students, elder, meal, punish",MC-VCR_sample/kor_14.jpg,"person, person, bowl, person, cup, bowl, cup, cup, pizza, tie, cup, bowl, dining table, bowl, bowl, cup, spoon, bottle, cup, bowl, bowl, person, potted plant, person, person, potted plant, tie, bowl, bowl",MC-VCR_sample/kor_14.json,east-asia,"chopstick, table, dinner, dinning table, eat, family, food, person, man, meal, sit, woman"
High Kick!,"barbecue, elder, respect, share, filial",MC-VCR_sample/kor_15.jpg,"person, person, potted plant, cell phone, cell phone, couch, dining table, couch",MC-VCR_sample/kor_15.json,east-asia,"conversation, couch, interview, laugh, sit, talk, woman"
High Kick!,"school, sports, uniform, principal, punish",MC-VCR_sample/kor_16.jpg,"person, person, person, person, person, person, tie, tie, tv, tie",MC-VCR_sample/kor_16.json,east-asia,"boy, building, business suit, child, man, stand, talk"
High Kick!,"student, classroom, cleaning, after class",MC-VCR_sample/kor_17.jpg,"person, person, person, tie, tie, handbag, person",MC-VCR_sample/kor_17.json,east-asia,"boy, briefcase, business suit, classroom, person, man, stand, stool, suit, tie, wear"
High Kick!,"restaurant, cuisine, chinese, waitress, pay, refuse",MC-VCR_sample/kor_18.jpg,"person, person, person, dining table, pizza, person, bowl, cup, cup, pizza, bowl, bowl, bowl, person, backpack, chair, person, bowl, bowl, person, potted plant, cell phone, bowl",MC-VCR_sample/kor_18.json,east-asia,"table, dinning table, restaurant, food, person, meal, pizza, platter, mall, stand, waiter, woman"
Reply 1988,"aunt, gossip, trim, vegetable, neighbor",MC-VCR_sample/kor_19.jpg,"person, person, person, cake, cup, person, cake, person, dining table",MC-VCR_sample/kor_19.json,east-asia,"bulletin board, table, floor, food, footstall, person, laugh, man, sit, stool, woman"
Reply 1988,"funeral, sad, dead, death, servant",MC-VCR_sample/kor_20.jpg,"person, bottle, person, chair, person, person",MC-VCR_sample/kor_20.json,east-asia,"bend, carpet, ceiling, child, floor, girl, person, living room, man, nun, play, room, stand, stool, woman"
Reply 1988,"neighbor, wineglass, share",MC-VCR_sample/kor_21.jpg,"person, person, potted plant, vase, handbag, baseball glove",MC-VCR_sample/kor_21.json,east-asia,"bin, bottle, jar, catch, clothesline, container, conversation, food, glass jar, honey, laugh, laundry, liquid, stand, talk, woman"
Reply 1988,"wineglass, taste, chat, neighbor, friends",MC-VCR_sample/kor_22.jpg,"person, person, chair, chair, bowl, bottle, cup, chair, chair, bottle, dining table, spoon",MC-VCR_sample/kor_22.json,east-asia,"chandelier, conversation, couple, table, dinning table, food, person, man, sit, stool, woman"
Reply 1988,"friends, play, students, school, break, tired",MC-VCR_sample/kor_23.jpg,"person, person, chair, person, book, person, book, book, chair, person",MC-VCR_sample/kor_23.json,east-asia,"conversation, table, dinning table, food, girl, person, sit, talk, woman"
Reply 1988,"game, lose, relax",MC-VCR_sample/kor_24.jpg,"person, person, person",MC-VCR_sample/kor_24.json,east-asia,"balustrade, bulletin board, person, man, piano, sign, stair, stairwell"
Reply 1988,"dormitory, roommate, study",MC-VCR_sample/kor_25.jpg,"person, person, chair, person, person",MC-VCR_sample/kor_25.json,east-asia,"chair, person, man, room, stand, stool, stretch"
Midnight Diner,"restaurant, customer, eat, japan",MC-VCR_sample/jpn_0.jpg,"person, person, person, person, person, cup, bottle, cup, bottle, cup, cell phone, chair, handbag",MC-VCR_sample/jpn_0.json,east-asia,"chopstick, conversation, table, drink, food, person, man, sit, stool, woman"
Midnight Diner,"cook, customer, food, taste",MC-VCR_sample/jpn_1.jpg,"person, person, person, bottle, cup, bottle, chair",MC-VCR_sample/jpn_1.json,east-asia,"conversation, table, dinning table, eat, food, person, man, share, sit, woman"
Midnight Diner,"water ice, hot, police, enjoy, patrol, peddler",MC-VCR_sample/jpn_2.jpg,"person, person, bicycle, potted plant, potted plant, potted plant, potted plant, potted plant, potted plant, potted plant, potted plant, backpack, potted plant, tie, bicycle",MC-VCR_sample/jpn_2.json,east-asia,"alley, cart, direct, guard, man, officer, police, push, salute, stand"
Midnight Diner,"dead, death, religion, mourn",MC-VCR_sample/jpn_3.jpg,"person, chair, chair, person, chair, chair, laptop, chair, person, chair",MC-VCR_sample/jpn_3.json,east-asia,"lamp, cabinet, ceiling, chair, pillar, table, dinning table, person, man, room, wall lamp, sit, stool"
Sanada Maru,"villager, farm, kneel, emperor",MC-VCR_sample/jpn_4.jpg,"cow, cow, cow, sheep, cow, chair, cow, sheep, bench, person, sheep, cow",MC-VCR_sample/jpn_4.json,east-asia,"animal, floor, hay, person, hut, lay, livestock, man, mud, pen"
Sanada Maru,"festival, dance, celebrate, ritual, drum",MC-VCR_sample/jpn_5.jpg,"person, person, person, person, umbrella, person, umbrella, person, person, person, person, person, person, umbrella, person, umbrella, cell phone",MC-VCR_sample/jpn_5.json,east-asia,"costume, crowded, dance, dress, drummer, festival, garment, hat, person, instrument, parade, play, robe, sun hat, traditional, walk, wear, woman"
Sanada Maru,"scent, smell, friends, perfume",MC-VCR_sample/jpn_6.jpg,"person, person, remote, pizza, bench, handbag",MC-VCR_sample/jpn_6.json,east-asia,"badminton racket, conversation, couple, food, person, man, porch, racket, sit, tennis racket, woman"
Sanada Maru,"servant, sedan chair",MC-VCR_sample/jpn_7.jpg,"person, person, person, person, person, person, person, umbrella, umbrella, person, umbrella, handbag, person, umbrella, umbrella, person, umbrella, person, person, person",MC-VCR_sample/jpn_7.json,east-asia,"crowded, hat, person, man, robe, sun hat, umbrella, walk, wear"
Kyoto Otomeguri,"ritual, music, luck",MC-VCR_sample/jpn_8.jpg,"person, person, person, person, person, handbag, person, handbag, baseball bat, person, person, person",MC-VCR_sample/jpn_8.json,east-asia,"blue, child, dress, garment, person, instrument, man, martial, play, pole, robe, string, swing, swinge, traditional, woman"
Kyoto Otomeguri,"pray, festival, ritual, custom, walk in water, luck",MC-VCR_sample/jpn_9.jpg,"person, person, person, person, person, person, tie, person, handbag, person, person, person, person",MC-VCR_sample/jpn_9.json,east-asia,"candle, catch, child, flood, person, stand, vigil, walk, water"
Nee-chan no koibito,"restaurant, friends, colleague, cook",MC-VCR_sample/jpn_10.jpg,"person, person, person, person, person, person, person, person, person, person, person, tv, cup, book, dining table, cup, book, book, bowl, bottle, book, dining table, dining table",MC-VCR_sample/jpn_10.json,east-asia,"bulletin board, cafe, canteen, coffee shop, crowded, table, restaurant, food, person, sit"
Nee-chan no koibito,"convenience store, beer, fried chicken, coffee",MC-VCR_sample/jpn_11.jpg,"bicycle, person, person",MC-VCR_sample/jpn_11.json,east-asia,"shed, building, business, convenience store, dusk, retail, store, storefront, walk"
Nee-chan no koibito,"school, student, first day, photo",MC-VCR_sample/jpn_12.jpg,"person, person, person, person, person, tie, tie, handbag, handbag, person, handbag",MC-VCR_sample/jpn_12.json,east-asia,"briefcase, building, business suit, person, man, pose, sign, stand, suit, tie, woman, writing"
Nee-chan no koibito,"prison, crime, visit, family, criminal",MC-VCR_sample/jpn_13.jpg,"person, person",MC-VCR_sample/jpn_13.json,east-asia,"badminton, badminton racket, brush, catch, person, man, racket, selfie, stand, stare, tennis racket, woman"
Rental Nan mo Shinai Hito,"barbecue, roast, meat, full, restaurant",MC-VCR_sample/jpn_14.jpg,"person, person, person, cup, cup, dining table, cup, dining table, cup, bowl",MC-VCR_sample/jpn_14.json,east-asia,"conversation, table, dinner, dinning table, plate, restaurant, food, person, man, meal, sit, woman"
Rental Nan mo Shinai Hito,"game, play, relax",MC-VCR_sample/jpn_15.jpg,"person, person, person, chair",MC-VCR_sample/jpn_15.json,east-asia,"arcade, arcade machine, business suit, casino, ceiling, cocktail dress, crowded, game, person, man, play, room, slot machine, stand, suit, tie, video game, walk"
Rental Nan mo Shinai Hito,"bar, customer, cowboy, wineglass, celebrate",MC-VCR_sample/jpn_16.jpg,"person, person, person, person, person, bottle, person, person, person, person, tie, person, person, person",MC-VCR_sample/jpn_16.json,east-asia,"table, dinning table, drink, food, collect, gathering, person, man, party, sing, stand, wine glass, woman"
Rental Nan mo Shinai Hito,"self-introduction, match, boyfriend, girlfriend",MC-VCR_sample/jpn_17.jpg,"person, person, person, person, cup, person, person, wineglass, person, chair, dining table, person, cup, person, cup, person, person, tie, person, person",MC-VCR_sample/jpn_17.json,east-asia,"alcohol, beer, beverage, blue, pillar, conversation, table, dinning table, drink, gathering, person, man, sit, tablecloth, talk, woman"
Rental Nan mo Shinai Hito,"wedding, temple, couple, costume",MC-VCR_sample/jpn_18.jpg,"person, person, person, person, person",MC-VCR_sample/jpn_18.json,east-asia,"building, ceremony, pillar, costume, couple, doorway, dress, garment, hall, person, man, preacher, robe, shrine, stand, temple, traditional, walk, wear, woman"
Rental Nan mo Shinai Hito,"draw lots, luck, future, souvenir",MC-VCR_sample/jpn_19.jpg,"person, backpack, person, book, remote, remote, book, book",MC-VCR_sample/jpn_19.json,east-asia,"building, bulletin board, conversation, man, shop window, stand, store, storefront, talk, window display, writing"
Seventy Uizan,"babysitter, baby, care, family",MC-VCR_sample/jpn_20.jpg,"person, person, person, book",MC-VCR_sample/jpn_20.json,east-asia,"book, family, floor, girl, person, laugh, man, read, woman"
Midnight Diner5,"fortune-telling, shy, hands",MC-VCR_sample/jpn_21.jpg,"person, person",MC-VCR_sample/jpn_21.json,east-asia,"box, lamp, candle, catch, cube, food, person, light, laugh, man, prayer, preacher, woman"
Juhan shuttai,"sports, wrestling, university, team, school, gym, slogan, practice",MC-VCR_sample/jpn_22.jpg,"person, person, person, tie",MC-VCR_sample/jpn_22.json,east-asia,"art, belt, child, girl, gym, person, karate, kick, learn, martial, mat, practice, teach, woman"
Juhan shuttai,"comics, bookstore, shop assistant, ask",MC-VCR_sample/jpn_23.jpg,"person, person, person, book, book, book, book, book, book, book",MC-VCR_sample/jpn_23.json,east-asia,"apron, book, bookcase, folder, bookshelf, bookstore, girl, person, library, student, school uniform, shelf, stack, stand, store, uniform, woman"
Juhan shuttai,"comics, office, horse race, lottery, money, colleagues",MC-VCR_sample/jpn_24.jpg,"person, person, person, tv, person, book, book, book, book, book, book, book",MC-VCR_sample/jpn_24.json,east-asia,"bulletin board, child, computer, table, pharmacy, person, man, office, office supply, student, room, stand, teacher, toy, job"
Ist_das_Leben_nicht_schoen,"child, parents, festival, christmas",MC-VCR_sample/west_0.jpg,"person, person, tie, person",MC-VCR_sample/west_0.json,west,"actor, christmas, christmas tree, cinema, direct, girl, man, woman"
Indiana Jones and the Last Crusade,"enemy, fight, peace, nazi",MC-VCR_sample/west_1.jpg,"person, person, person, person",MC-VCR_sample/west_1.json,west,"khaki, man, soldier, uniform, wear"
Indiana Jones and the Last Crusade,"religion, ritual, lifelong, cave, mage",MC-VCR_sample/west_2.jpg,"person, person, person, person, clock, wineglass, person, person, clock",MC-VCR_sample/west_2.json,west,"actor, catch, chalice, cinema, man, stand, trophy"
Pride & Prejudice,"dance, partner, party",MC-VCR_sample/west_3.jpg,"person, person, person, person, person, cow, person, cow, person, cow, person, person, person, person, person",MC-VCR_sample/west_3.json,west,"aisle, ballroom, ceiling, chandelier, choir, pillar, crowd, dress, gathering, hall, person, reception, room, stand"
Pride & Prejudice,"countryside, noble, old gentleman",MC-VCR_sample/west_4.jpg,"person, person, person, person, person, person, person, person, person, person",MC-VCR_sample/west_4.json,west,"actor, cinema, dark, doorway, dress, ghost, halloween, horror film, person, man, room, stand, torch, witch, woman, zombie"
Pride & Prejudice,"criticize, status, despise",MC-VCR_sample/west_5.jpg,"person, person, couch",MC-VCR_sample/west_5.json,west,"armchair, cinema, couch, person, man, room, stand, woman"
"Crazy, Stupid, Love","bar, wineglass, chat",MC-VCR_sample/west_6.jpg,"person, person, wineglass, cup, person, cup, person, person, tie, person, person, dining table, person, cup, person, person",MC-VCR_sample/west_6.json,west,"alcohol, beer, beverage, business suit, conversation, table, dinning table, drink, gathering, wine, person, man, sit, wine glass"
Pretty Baby,"noble, waiter, measure waist, dress",MC-VCR_sample/west_7.jpg,"person, person, person, person, person, tie, person",MC-VCR_sample/west_7.json,west,"actor, cinema, dress, food, girl, person, man, sing, stand, woman"
Pretty Baby,"noble, coachman, driver, servant",MC-VCR_sample/west_8.jpg,"person, person, person, person, person, person, umbrella, person, handbag, bicycle, suitcase, suitcase",MC-VCR_sample/west_8.json,west,"coach, carry, cart, draw, dress, horse, horse cart, person, load, man, pavement, pull, road, stand, sun hat, wagon, walk, woman"
Pretty Baby,"wedding, witness, bride, groom, family, flower",MC-VCR_sample/west_9.jpg,"person, person, person, person, person, person, tie, person, person, chair, person, person",MC-VCR_sample/west_9.json,west,"actor, wedding dress, bride, groom, cinema, person, man, stand, wedding, woman"
Pretty Baby,"priest, witness, wedding, bride, groom, family, church, vow",MC-VCR_sample/west_10.jpg,"person, person, person, person, person, person, person, person, tie, person, person, car, person, person, person, motorcycle, bench, person, person",MC-VCR_sample/west_10.json,west,"aisle, bride, groom, chapel, church, couple, person, man, church bench, stand, veil, wedding, wedding party, woman"
Daddy's home,"yard, house, motorbike, garage",MC-VCR_sample/west_11.jpg,"person, person, motorcycle, person, person, potted plant, person, handbag, chair, potted plant",MC-VCR_sample/west_11.json,west,"pillar, family, home, house, house exterior, person, man, motorbike, motorcycle, park, porch, stand, walk"
Daddy's home,"story, basketball, fan, bedroom, sleep",MC-VCR_sample/west_12.jpg,"person, person, person, bed, person, person, bed, book",MC-VCR_sample/west_12.json,west,"bed, bedroom, person, man, play, remote, room, toy, video game, Wii, woman"
Daddy's home,"breakfast, juice, dinning, children, father",MC-VCR_sample/west_13.jpg,"person, person, chair, chair, cup, chair, cup, cup, cup, cup, person, tie, dining table, person, chair, chair, person",MC-VCR_sample/west_13.json,west,"child, conversation, table, dinning table, drink, girl, juice, kitchen table, man, orange juice, sit, tie"
Daddy's home,"birthday, party, chat",MC-VCR_sample/west_14.jpg,"person, person, tie, person, person, person, person",MC-VCR_sample/west_14.json,west,"business suit, conversation, dress, person, man, stand, suit, talk, tie, wear, woman"
Daddy's home,"basketball, mascot, challenge, audience, host",MC-VCR_sample/west_15.jpg,"person, person, person, person, person, person",MC-VCR_sample/west_15.json,west,"arena, basketball, basketball coach, basketball court, basketball game, basketball player, basketball team, catch, court, game, interview, man, referee, sports ball, stand, talk"
Employee of the Month,"shop assistant, supermarket",MC-VCR_sample/west_16.jpg,"person, person, person, person",MC-VCR_sample/west_16.json,west,"arm, conversation, person, man, market, retail, stand, store, talk, warehouse, woman"
The Secret Garden,"maid, servant, care, help, comfort",MC-VCR_sample/west_18.jpg,"person, person, person, person",MC-VCR_sample/west_18.json,west,"act, actor, boy, cinema, direct, dress, floor, girl, person, man, play, scene, woman"
The Object of My Affection,"christmas, festival, dance, couple, celebrate",MC-VCR_sample/west_19.jpg,"person, person, person, person, person, person, person, person, person, person, person, person, person",MC-VCR_sample/west_19.json,west,"choir, christmas, christmas hat, dance, dress, vacation, person, man, sing, wear, woman"
The Long Rider,"casino, gamble, coin, cowboy",MC-VCR_sample/west_20.jpg,"person, person, person, person, person, person, dining table, person, cup, tie, wineglass, person, cup, cell phone",MC-VCR_sample/west_20.json,west,"board game, card, card game, casino, cowboy hat, table, fedora, game, person, man, play, playing card, poker, sun hat"
The Long Rider,"smoke, gun, cowboy, horse",MC-VCR_sample/west_21.jpg,"person, person, cup, handbag",MC-VCR_sample/west_21.json,west,"actor, catch, cigar, cigarette, cinema, cowboy, cowboy hat, direct, gun, handgun, man, pipe, rifle, shotgun, sun hat, weapon"
The Long Rider,"texas, western, battle, knife, party, fight, cowboy",MC-VCR_sample/west_22.jpg,"person, person, person, person, person, person, person, person, person, person, person, handbag, person, person",MC-VCR_sample/west_22.json,west,"actor, beard, catch, cinema, cowboy hat, crowd, direct, hand, flag, gun, person, man, pirate, stand, sword"
The North Country,"ice hockey, audience, player, stadium, game",MC-VCR_sample/west_23.jpg,"person, person, person, person, person, person, person, person, person, person, tie, person, toothbrush, person, person, refrigerator",MC-VCR_sample/west_23.json,west,"arena, cheer, crowd, crowded, hockey, hockey game, hockey player, person, ice, ice hockey player, ice hockey team, rink, skate, ice hockey, stand, woman"
The North Country,"food, fast food, food store, chat",MC-VCR_sample/west_24.jpg,"person, person, cup, remote, remote, tv, handbag",MC-VCR_sample/west_24.json,west,"beverage, bulletin board, catch, coffee, coffee cup, cup, paper cup, girl, man, stand, woman"
Inglourious Basterds Official Trailer,"general, troop, soldier, instruction, shout, response",MC-VCR_sample/west_25.jpg,"person, person",MC-VCR_sample/west_25.json,west,"appear, army, beret, camouflage, conversation, face, man, mouth, open, soldier, stand, stare, uniform, wear"
Rat Race,"military, war, museum, evil, nazi, guide",MC-VCR_sample/west_26.jpg,"person, person, person, person, person, person, person, person, person, person, tie, person, person, person, bicycle",MC-VCR_sample/west_26.json,west,"artifact, pillar, display, person, man, museum, poster, showcase, soldier, stand, uniform"
Rat Race,"veteran, elders, festival, audience, soldier, war",MC-VCR_sample/west_27.jpg,"person, person, person, person, person, person, person, person, person, person, person, person, person, person, person, person, person, person, person, person, person, person, person, person, person, person, person, person, person, person, person, person, person",MC-VCR_sample/west_27.json,west,"building, crowd, crowded, event, collect, gathering, person, man, stand, walk"
The Dangerous Lives of Altar Boys,"school, student, teacher, zoo, travel",MC-VCR_sample/west_28.jpg,"person, person, tie, person, person, person, person, tie, person, person, person, person, person, tie, person, tie, keyboard, person, person, person",MC-VCR_sample/west_28.json,west,"boy, child, cowboy hat, girl, person, nun, student, school uniform, stand, sun hat, tie, uniform, wear"
The Dangerous Lives of Altar Boys,"teacher, student, religion, nun",MC-VCR_sample/west_29.jpg,"person, person, person, person, tie, person, person, person, tie",MC-VCR_sample/west_29.json,west,"choir, dress, garment, girl, person, man, nun, preacher, robe, stand, stare, tie, wear, woman"
Half Baked,"fast food, restaurant, take out, pizza, customer",MC-VCR_sample/west_30.jpg,"person, person, person, person, person, clock, person, chair, person, clock",MC-VCR_sample/west_30.json,west,"bag, box, bulletin board, cardboard, cardboard box, carry, catch, food, food court, food stand, person, man, package, paper bag, shopping bag, mall, stall, stand, store, storefront, walk, woman"
Bad Lieutenant,"smuggling, drug, trade, examine",MC-VCR_sample/west_31.jpg,"person, person, tie",MC-VCR_sample/west_31.json,west,"balustrade, business suit, cocktail dress, dark, doorway, elevator, man, rail, stair, stairwell, stand, stool, suit, tie, walk"
Bad Lieutenant,"pray, bless, forgive, god, church, nun, tragedy, decadent",MC-VCR_sample/west_32.jpg,"person, person, person",MC-VCR_sample/west_32.json,west,"actor, business suit, cinema, direct, dress, person, man, nun, robe, scene, stand, woman"
The Greatest Story Ever Told,"born, baby, mary, jesus, religion, family, mother, care",MC-VCR_sample/west_33.jpg,"person, person, person, person, chair",MC-VCR_sample/west_33.json,west,"birth, builder, dark, person, man, manger, nativity scene, nun, robe, scene, stable, stand, woman"
World's Greatest Dad,"school, locker, beautiful, uniform, student",MC-VCR_sample/west_34.jpg,"person, person, person, person, person, person, person, handbag, backpack, person",MC-VCR_sample/west_34.json,west,"pillar, conversation, corridor, dressing room, girl, hall, person, jacket, hallway, locker, student, red, school, stand, sweatshirt, walk, woman"
Basquiat,"streetball, basketball, one on one, court, match",MC-VCR_sample/west_35.jpg,"person, person, car, car",MC-VCR_sample/west_35.json,west,"ball, basketball, basketball court, boy, catch, court, pigtail, hand, man, play, sports ball"
The Assassination Bureau,"passenger, waiter, wineglass, sale, train",MC-VCR_sample/west_36.jpg,"tie, person, person, wineglass, vase, person, dining table",MC-VCR_sample/west_36.json,west,"alcohol, bottle, cocktail dress, liquor, table, dinning table, drink, wine, person, man, pour, sit, stand, waiter, wine bottle, wine glass, woman"
The Assassination Bureau,"noble, coachman, carriage, passenger",MC-VCR_sample/west_37.jpg,"person, person, person, person, person, bicycle, chair",MC-VCR_sample/west_37.json,west,"coach, cart, draw, horse, horse cart, person, man, pull, ride, sun hat, wagon, woman"
The Assassination Bureau,"party, religion, christan",MC-VCR_sample/west_38.jpg,"person, person, person, person, person, person, person, person",MC-VCR_sample/west_38.json,west,"actor, black, cocktail dress, dress, evening dress, garment, person, man, nun, preacher, robe, stand, wear, woman"
Muriel's Wedding,"wedding, priest, bride, groom, parents, witness, vow, dress",MC-VCR_sample/west_39.jpg,"person, person, person, person, tie, person, person, person, person, person, tie, person, tie, tie, person, person, person, person, person, person",MC-VCR_sample/west_39.json,west,"actor, aisle, wedding dress, bride, groom, church, cocktail dress, couple, dress, garment, person, man, newlywed, stand, veil, walk, wedding, woman"
Muriel's Wedding,"wedding, dress, shock, fitting",MC-VCR_sample/west_40.jpg,"person, person, person, person, person",MC-VCR_sample/west_40.json,west,"wedding dress, bride, clothing store, dress, garment, girl, tiara, wear, white, woman"
Billy Elliot,"dance, ballet, strange, girl, boy, practice",MC-VCR_sample/west_41.jpg,"person, person, person, person, person, person, person, person, person, person, person, person, person",MC-VCR_sample/west_41.json,west,"ballerina, ballet, ballet dancer, ballet skirt, dance, dancer, dress, girl, gym, leotard, perform, tight, white"
Fifty Shades Freed extended,"wedding, witness, bride, groom, smile, dress",MC-VCR_sample/west_42.jpg,"person, person, person, tie",MC-VCR_sample/west_42.json,west,"wedding dress, bride, groom, cocktail dress, confetti, couple, dress, man, stand, stare, veil, wear, wedding, woman"
Tupac: Resurrection,"music, rap, party",MC-VCR_sample/west_43.jpg,"person, person, person, person",MC-VCR_sample/west_43.json,west,"band, concert, guitarist, person, instrument, man, music, perform, play, rock band, sing, stage, stool, woman"
Eagle vs Shark,"fast food, hamburger, fried chicken, cashier, drinks",MC-VCR_sample/west_44.jpg,"person, person, car, book",MC-VCR_sample/west_44.json,west,"baseball hat, bulletin board, buy, check, customer, food, food court, person, man, order, pay, register, shirt, stand, store, woman, job, worker, yellow"
Cheaper by the Dozen,"kitchen, house, breakfast, pajamas",MC-VCR_sample/west_45.jpg,"person, person, person, bottle, bottle, cup, cup, bottle, dining table, bottle, bowl",MC-VCR_sample/west_45.json,west,"birthday, bureau, condiment, table, food, person, kitchen, man, parrot, stand, woman"
Drillbit Taylor,"sunshine, sunny, yard, house, sunbathing",MC-VCR_sample/west_46.jpg,"potted plant, person, person, bottle, potted plant, chair, potted plant, potted plant, potted plant, surfboard, potted plant, bottle, potted plant, potted plant, pizza",MC-VCR_sample/west_46.json,west,"backyard, swimwear, beach towel, bikini, bikini top, blanket, girl, home, house exterior, lay, pool, porch, relax, sunbathe, swimming pool, towel, woman, yard"
Drillbit Taylor,"rap, music, atmosphere, crowd, happy",MC-VCR_sample/west_47.jpg,"person, person, person, person, person, person",MC-VCR_sample/west_47.json,west,"conversation, person, laugh, locker, man, stand, woman, yellow"
American Gangster,"cathedral, pray, priest, religion",MC-VCR_sample/west_48.jpg,"person, tie, person, person, person, handbag, person",MC-VCR_sample/west_48.json,west,"business suit, cinema, dark, man, stand, suit, tie, walk, wear"
The White King,"funeral, sad, unbelievable, kneel, coffin, death, dead, remember",MC-VCR_sample/west_49.jpg,"person, person, person, person, chair, potted plant, chair",MC-VCR_sample/west_49.json,west,"blue, pillar, person, instrument, man, microphone, shirt, sing, stand, stool, woman"
Curse of the Pink Panther,"hotel, waiter, book, key, reception",MC-VCR_sample/west_50.jpg,"person, person, person, tie, person, person, person, person, person, remote, person, person, person, tie",MC-VCR_sample/west_50.json,west,"bow tie, business suit, cinema, conversation, detective, person, man, pen, shake, signature, stand, woman"
Big,"buffet, party, gorge, eat",MC-VCR_sample/west_51.jpg,"person, person, bowl, person, person, vase, person, tie, person, potted plant, person, bowl, person, person, dining table",MC-VCR_sample/west_51.json,west,"bow tie, buffet, cocktail dress, couple, table, dinning table, plate, food, garment, person, man, party, platter, reception, stand, waiter, woman"
The Wings of the Dove,"make up, maid, servant, mother, master",MC-VCR_sample/west_52.jpg,"person, person, bowl, person, bottle, couch, chair, tv",MC-VCR_sample/west_52.json,west,"cosmetic, dress, girl, pose, room, stand, stare, woman"
The Wings of the Dove,"cue, europe, party, lover, wait",MC-VCR_sample/west_53.jpg,"person, person, chair, vase, person, potted plant",MC-VCR_sample/west_53.json,west,"billard, billiard table, cocktail dress, dress, fireplace, game, person, man, play, pool, room, stand, woman"
The Wings of the Dove,"boat, transport, italy, boatman, passenger",MC-VCR_sample/west_54.jpg,"person, person, boat, backpack",MC-VCR_sample/west_54.json,west,"boat, building, cable car, canal, flood, person, man, stand, water, waterway"
The Wings of the Dove,"party, mask, dance, grill, celebration, festival",MC-VCR_sample/west_55.jpg,"person, person, person, person, person, person, person, person, person, person, person, person, person, person, person, person, person, person",MC-VCR_sample/west_55.json,west,"bonfire, crowd, crowded, festival, collect, gathering, person, light, night, sparkler, stand, torch"
Think Like a Man Too,"wedding, bride, groom, witness, family, best man",MC-VCR_sample/west_56.jpg,"person, person, person, person, person, person, person, person, person, person, person, person, person, person, potted plant, person, person, person",MC-VCR_sample/west_56.json,west,"building, casino, ceremony, pillar, footstall, gazebo, hotel, person, man, night, night view, sculpture, stand, statue, wedding party"
Think Like a Man Too,"nightclub, dance, performance, enjoy, party, beer, midnight",MC-VCR_sample/west_57.jpg,"person, person, person, person, person, person, person, person, person, person, person, person, person, person, person, person, person, handbag, person, person, person, person, person, wineglass, person, person, person, person, person",MC-VCR_sample/west_57.json,west,"club, concert, crowd, crowded, dance, dance floor, disco, dress, person, nightclub, party, stand, woman"
I Am the Blues,"guitar, music, old, chat, band, blues",MC-VCR_sample/west_58.jpg,"person, person, person, chair, chair, person, chair, remote, chair, keyboard, chair",MC-VCR_sample/west_58.json,west,"chair, cowboy hat, guitar, instrument, man, music, musician, play, sit, stool, sun hat"
A Few Good Men,"general, court, jury, defense",MC-VCR_sample/west_59.jpg,"person, person, person, tie, person, chair, person, person, person, person, person, person, dining table, person, person, person, chair, person, person, person, chair, person, chair, person, person, person, person",MC-VCR_sample/west_59.json,west,"army, briefcase, catch, pillar, gun, hall, man, officer, church bench, stand, stool, uniform, wear"
Piranha,"party, yacht, celebrate, young, dance, sea",MC-VCR_sample/west_60.jpg,"boat, person, person, person, person, person, person, person, boat, person, person, person, boat, person, dog, person, person, boat, person, person, boat, person, person, person, person, person, boat, umbrella, person, person, boat",MC-VCR_sample/west_60.json,west,"swimwear, boat, crowd, crowded, dock, fill, harbor, person, sea, stand, vessel, water, water park"
Coming to America,"rob, fast food, restaurant, waiter, calm",MC-VCR_sample/west_62.jpg,"person, person, car, person, car, car, tie, car, backpack",MC-VCR_sample/west_62.json,west,"catch, gun, handgun, kilt, man, plaid, red, rifle, shotgun, stand, weapon, wear"
Coming to America,"lottery, number, money",MC-VCR_sample/west_63.jpg,"person, person, tie, person, book, remote",MC-VCR_sample/west_63.json,west,"trench coat, bulletin board, check, person, man, register, stand, woman"
Fat Man and Little Boy,"kitchen, general, oven",MC-VCR_sample/west_64.jpg,"person, person, bottle, oven, cup, remote",MC-VCR_sample/west_64.json,west,"cook, food, person, kitchen, man, officer, oven, stand, stove, uniform, woman"
Glory,"presentation, europe, child, parents, host",MC-VCR_sample/west_65.jpg,"person, person, person, person, person, person, person, person, person, person, person, tie, person, person",MC-VCR_sample/west_65.json,west,"pillar, crowd, dress, flag, person, speech, man, microphone, podium, room, sing, speaker, spectator, stand, woman"
Glory,"ice, cafe, book, chat, cold water",MC-VCR_sample/west_66.jpg,"person, book, book, book, cup, book, book, cup, person, book, book, book, book, book, book, book, book, book, book, book, book, book, book, book, book",MC-VCR_sample/west_66.json,west,"alcohol, beverage, bookshelf, table, dinning table, drink, food, person, liquid, man, pen, polo shirt, tablecloth, woman"
Beverly Hills Cop 2,"target, shoot, practice, bar, waiter",MC-VCR_sample/west_67.jpg,"person, person, person, person, person, person",MC-VCR_sample/west_67.json,west,"alcohol, bartender, business suit, catch, earphone, person, instrument, man, photo, selfie, sing, stand, take, woman"
Interrogation,"dance, pub, beer, gang",MC-VCR_sample/west_68.jpg,"person, person, person, person, person, chair, chair, cup, person, chair, chair, bench, person, person, person, person, person, chair, dining table, dining table",MC-VCR_sample/west_68.json,west,"beer, club, crowded, dark, table, person, man, room, sit, stool"
Mac and Me,"fast food, mascot, children, happy, restaurant",MC-VCR_sample/west_69.jpg,"person, person, person, person, person, person",MC-VCR_sample/west_69.json,west,"child, joker, dress, face, girl, pose, wig"
We're No Angels,"cathedral, dining party, priest, religion",MC-VCR_sample/west_70.jpg,"person, person, person, person, person, person, person, person, person, person, person, person, person, person, person, dining table, person, person, person, dining table, handbag",MC-VCR_sample/west_70.json,west,"bishop, cardinal, conversation, table, dinning table, food, person, leader, man, nun, pope, preacher, religious, robe"
Grand Theft Parsons,"mourn, coffin, respect, beer, friendship, sad, dead, death",MC-VCR_sample/west_71.jpg,"person, person, suitcase",MC-VCR_sample/west_71.json,west,"car, cinema, dark, denim jacket, person, man, night, stand, zombie"
Mr. Holmes,"mourn, sad, hat, dead, death, cemetery",MC-VCR_sample/west_72.jpg,"person, person, tie, tie",MC-VCR_sample/west_72.json,west,"business suit, coat, cocktail dress, dress, dress hat, garment, grave, hat, magician, man, overcoat, peak, stand, suit, tie, walk, wear, wood"
Rocky II,"injury, boxing, judge, champion, interview, sports",MC-VCR_sample/west_73.jpg,"person, person, person, tie, person, person, person, bottle, person, tie, person",MC-VCR_sample/west_73.json,west,"belt, blood, boxer, business suit, catch, champion, cocktail dress, cosmetic, face, man, microphone, muscle, ring, shirtless, stand, wrestle, wrestler"
Lost and Delirious,"student, picnic, meal, party, happy, travel",MC-VCR_sample/west_74.jpg,"person, person, person, cup, bowl, dining table, wineglass, cup, tie, wineglass, person",MC-VCR_sample/west_74.json,west,"alcohol, bartender, beverage, bottle, business suit, champagne, table, dinning table, dress, drink, food, girl, person, kilt, man, pour, school uniform, stand, tray, waiter, wine glass, woman"
The Bay,"crab, contest, uniform, speed, seaside, wolf",MC-VCR_sample/west_75.jpg,"person, person, person, person, cup, person, person, bottle, person, person",MC-VCR_sample/west_75.json,west,"cheer, cheerlead, table, food, person, man, picnic table, shirt, sit, stall, yellow"
Searching for Bobby Fischer,"chess, park, match, audience, clock",MC-VCR_sample/west_76.jpg,"person, person, person, person, person, person, person, person, person, person, person",MC-VCR_sample/west_76.json,west,"chess, conversation, table, person, man, officer, outdoor, play, sit, stand"
Picture Perfect,"wedding, bride, groom, best man, family, cathedral, priest",MC-VCR_sample/west_77.jpg,"person, person, person, person, person, person, person, person, person, person, person, person, potted plant, person, potted plant, person, vase, person, person, person, person, potted plant, person",MC-VCR_sample/west_77.json,west,"aisle, altar, bride, ceremony, chapel, church, person, church bench, stand, walk, wedding, woman"
Pretty Baby,"peddler, clothes, sell, customer",MC-VCR_sample/west_78.jpg,"person, person, person, bench, bottle",MC-VCR_sample/west_78.json,west,"baby carriage, cart, doll, dolly, dress, person, load, palm tree, pull, push, stand, wagon, woman"
Daddy's Home,"backyard, yard, skateboard, party, leisure, children",MC-VCR_sample/west_79.jpg,"person, person, person, person, skateboard, person, person, person, person, person, person, person, person, person, person, bench, umbrella",MC-VCR_sample/west_79.json,west,"amusement park, child, girl, person, skate, park, play, ramp, ride, skate park, skateboard, skateboarder, trick"
Daddy's Home,"christmas, festival, santa claus, gift, excited",MC-VCR_sample/west_80.jpg,"person, person, person, couch",MC-VCR_sample/west_80.json,west,"child, christmas, dress, girl, vacation, person, man, santa claus, sleepwear, stand"
Daddy's Home,"guest, host, wineglass, welcome, party, gift",MC-VCR_sample/west_81.jpg,"person, person, bottle, person, person",MC-VCR_sample/west_81.json,west,"alcohol, bottle, catch, conversation, doorway, hand, wine, person, laugh, man, shake, stand, wine bottle, woman"
Joe Dirt,"restaurant, ice cream, hotdog, coke, family",MC-VCR_sample/west_82.jpg,"person, handbag, person, person, person, dining table, person, person, dining table, person",MC-VCR_sample/west_82.json,west,"bag, cart, food, ice cream cone, load, man, push, red, sack, sit, wagon"
What to Expect When You're Expecting,"truck, food, wait, cook",MC-VCR_sample/west_83.jpg,"person, person, person, person, person, person, person, backpack, backpack, person, person, person, backpack, backpack, person, car, handbag, backpack",MC-VCR_sample/west_83.json,west,"crowd, crowded, food, food truck, person, line, night, pink, queue, stand"
What to Expect When You're Expecting,"tv show, judge, dance, performance, dream",MC-VCR_sample/west_84.jpg,"person, person, person, person, person, tie, train",MC-VCR_sample/west_84.json,west,"actor, appear, couple, dance, dance floor, dancer, dress, host, judge, man, partner, receive, star, woman"
Midgets Vs. Mascots,"card, stadium, stock, bull",MC-VCR_sample/west_85.jpg,"chair, person, chair, person, person, cup, dining table, dining table",MC-VCR_sample/west_85.json,west,"arena, board game, bull, chair, chess, child, cowboy, cowboy hat, table, fair, person, man, play, rodeo, rodeo arena, sit, sun hat"
Midgets Vs. Mascots,"stock, rider, cowboy, bull",MC-VCR_sample/west_86.jpg,"person, person, person, person, person, person, person, person, bench, person, person, person, bench, person, person, person, person, person, person, person, person, person, person",MC-VCR_sample/west_86.json,west,"arena, bull, cowboy, cowboy hat, crowd, person, man, pen, rodeo, stand, sun hat"
Meatballs,"contest, judge, sausage, fat, wolf, speed",MC-VCR_sample/west_87.jpg,"person, person, person, person, dining table, bowl, bowl, person",MC-VCR_sample/west_87.json,west,"table, food, person, man, picnic, picnic table, stand"
Meatballs,"student, school bus, school, run away",MC-VCR_sample/west_88.jpg,"person, person, person, chair, person, person",MC-VCR_sample/west_88.json,west,"bus, bus driver, person, man, out, school bus, woman, yellow"
Heaven Can Wait,"race, racing car, repair, equipment",MC-VCR_sample/west_89.jpg,"person, person, person, person, tie, person, person, motorcycle, motorcycle, person, chair",MC-VCR_sample/west_89.json,west,"car, person, jumpsuit, man, mechanic, push, race, race car, red, stand, tire"
Half Baked,"fast food, coke, birthday, thumb up, waitress, customer",MC-VCR_sample/west_90.jpg,"person, person, person, person, person, person, cup, bottle, cup, book",MC-VCR_sample/west_90.json,west,"beverage, can, table, drink, hand, food, give, person, man, soda, tray, woman"
I Now Pronounce You Chuck & Larry,"wedding, groom, service, store, decoration",MC-VCR_sample/west_92.jpg,"person, person, person, cake, cup, potted plant, potted plant, laptop",MC-VCR_sample/west_92.json,west,"birthday, cake, conversation, table, person, man, wall lamp, stand, wedding cake, woman"
A Mighty Wind,"casino, waitress, singer, atmosphere, gamble, play",MC-VCR_sample/west_93.jpg,"person, person, person, book, chair, book, book",MC-VCR_sample/west_93.json,west,"arcade, arcade machine, casino, dress shirt, interview, man, microphone, neon light, red, shirt, sing, slot machine, stand, wear"
Tupac: Resurrection,"parking, carry out",MC-VCR_sample/west_94.jpg,"person, person, person, person, person, person, parking meter, person, handbag",MC-VCR_sample/west_94.json,west,"building, green, person, man, pavement, retail, road, stand, store, storefront, street corner, street scene, walk"
Bounty,"colonizer, labor, punish, sick, ship, sea, sailor",MC-VCR_sample/west_95.jpg,"person, person, person, person, person, person, person, person, person, person, tie, person, person, person, chair, chair, dining table",MC-VCR_sample/west_95.json,west,"actor, boat, captain, cinema, cowboy hat, crew, direct, person, man, muscle, sea, pirate, sail, sailor, shirtless, stand"
The Station Agent,"truck, restaurant, kitchen, cook, moving",MC-VCR_sample/west_96.jpg,"person, chair, chair, chair, person, umbrella, bus, chair, dining table",MC-VCR_sample/west_96.json,west,"business suit, chair, cocktail dress, table, dirt field, food, food truck, person, man, stall, stand, stool, umbrella, waiter"
Dreamgirls,"wedding, friends, couple, bride, groom, church, happy",MC-VCR_sample/west_97.jpg,"person, person, person, person, person, person, person, tie, person, person, person, person, person, person, person, person, person, person, person, person, person, person, person",MC-VCR_sample/west_97.json,west,"bride, groom, building, church, cocktail dress, crowd, person, man, newlywed, stand, wedding, wedding party, woman"
Shallow Hal,"barbecue, roast, party, swimming pool, sunshine",MC-VCR_sample/west_98.jpg,"person, person, person, person, umbrella, umbrella",MC-VCR_sample/west_98.json,west,"barbecue, barbecue grill, swimwear, blood, boy, cook, food, goggles, grill, man, muscle, pool, shirt, shirtless, stand, swimming pool"
Little Man Tate,"university, students, class",MC-VCR_sample/west_99.jpg,"person, person, person, person, person, person, person, person, person, person, person, person, person, person, person, person, person, person, backpack, backpack, person, backpack",MC-VCR_sample/west_99.json,west,"brick building, building, campus, pillar, courthouse, crowd, green, person, man, medal, student, school, shirt, stair, stand, walk"
Kings,"rob, fight, conflict, graffiti",MC-VCR_sample/west_100.jpg,"person, person, person, person, person, bottle, person",MC-VCR_sample/west_100.json,west,"blanket, car, dance, doodle, person, man, road, street art, walk, woman"
Pride & Prejudice,"dance, party, host, guest, count",MC-VCR_sample/west_101.jpg,"person, person, person, person, person, person, person, person, person, person, person, person, person, person, person, person, person, person, person, person, person, person, person, person",MC-VCR_sample/west_101.json,west,"actor, cocktail dress, crowd, crowded, dress, person, man, stand, walk, woman"
Pride & Prejudice,"dance, partner, party, audience",MC-VCR_sample/west_102.jpg,"person, person, person, person, person, person, person, person, person",MC-VCR_sample/west_102.json,west,"choir, cosmetic, dress, garment, hair, sing, tiara, wear, white, woman"
Ye Bheege Hont,"love, quarrel, yard, car, servant",MC-VCR_sample/sa_0.jpg,"person, person, person, car, car, car, car, car, car, car",MC-VCR_sample/sa_0.json,south-asia,"car, catch, couple, dress, hand, girl, man, pink, walk, woman"
Raja Hindustani,"birthday party, friend, couple, waiter, socializing",MC-VCR_sample/sa_1.jpg,"person, person, person, person, person, person, tie, person, wineglass, tie",MC-VCR_sample/sa_1.json,south-asia,"champagne, pillar, conversation, dress, event, gathering, person, man, party, reception, stand, wine glass, woman"
Kahaani,"teacher, student, primary school, chatting",MC-VCR_sample/sa_2.jpg,"person, person, person, tie",MC-VCR_sample/sa_2.json,south-asia,"business suit, child, girl, school uniform, tie, walk, woman"
I Am Kalam,"grocery, shopping, chatting, shopkeeper, kid",MC-VCR_sample/sa_3.jpg,"person, person, bottle, bottle, bottle, bottle, bottle, bottle, refrigerator, bowl, bottle, bottle, chair, bottle, bottle, bottle, truck",MC-VCR_sample/sa_3.json,south-asia,"headscarf, boy, buy, check, child, food, headdress, juice, man, pay, sell, soda, stall, stand, store, street vendor, treat, vendor, wear"
Chalk N Duster,"home, family, parents, daughter, chess, wheelchair, chatting",MC-VCR_sample/sa_4.jpg,"person, person, person, cup, chair, couch",MC-VCR_sample/sa_4.json,south-asia,"badminton, chair, chessboard, chess, conversation, game, girl, person, man, play, racket, room, sit, stool, talk, tennis racket, woman"
Khed Maqadran Di,"muslim, religion, conflict, quarrel",MC-VCR_sample/sa_5.jpg,"person, person, person, person, backpack, person, person",MC-VCR_sample/sa_5.json,south-asia,"appear, conversation, dress, garment, person, laugh, man, robe, stand, talk, white"
Ziddi Puttar,"muslim, family, parents, child, football, chatting",MC-VCR_sample/sa_6.jpg,"sports ball, person, person, person, sports ball, tie, handbag, handbag",MC-VCR_sample/sa_6.json,south-asia,"ball, catch, football, girl, person, man, play, sari, sports ball, stand, woman"
Swaarangi,"muslim, tribal area, tribe, religious extremist, terrorist, mountain, gun",MC-VCR_sample/sa_7.jpg,"person, person, person, person, person, person, person, cell phone, cup, person, cell phone",MC-VCR_sample/sa_7.json,south-asia,"conversation, gun, hammock, person, man, relax, robe, sit, woman"
Chunni,"muslim, infant, mother, grandparents, parturition",MC-VCR_sample/sa_8.jpg,"person, person, bed, teddy bear",MC-VCR_sample/sa_8.json,south-asia,"animal, bed, blanket, cloth, man, pet, robe, stand, woman"
Musafer,"muslim, friend, family, chatting, parents, daughter, yard",MC-VCR_sample/sa_9.jpg,"person, person, person, person, potted plant",MC-VCR_sample/sa_9.json,south-asia,"building, pillar, garment, person, laugh, man, sari, stand, woman"
Billi,"court, soldier, defendant, lawyer",MC-VCR_sample/sa_10.jpg,"person, person, person, person, person, person, person, book, book, tie, dining table, dining table, remote",MC-VCR_sample/sa_10.json,south-asia,"business suit, pillar, table, floor, person, man, room, stand, video, woman"
Darindgi,"army, conference, silence, muhammad ali jinnah, pakistan, muslim",MC-VCR_sample/sa_11.jpg,"person, person, person, person, person, person, person",MC-VCR_sample/sa_11.json,south-asia,"table, guard, person, man, officer, police, sit, video"
Kuhda Ke Liye,"mullah, muslim, mosque, preach, religion",MC-VCR_sample/sa_12.jpg,"person, person, person, handbag, umbrella",MC-VCR_sample/sa_12.json,south-asia,"appear, headscarf, conversation, hand, garment, green, person, man, robe, stand, wear"
Karachi Se Lahore,"muslim, wedding, parents, bride, flowers, blessing, friends",MC-VCR_sample/sa_13.jpg,"person, person, person, person, person, person, person, tie, person, person, person, person, person, person, person, person, bowl, person, vase, person, person, person, person, potted plant, person, person, person, potted plant",MC-VCR_sample/sa_13.json,south-asia,"bride, groom, catch, ceremony, couple, dress, garment, person, man, marriage, newlywed, reception, stand, tray, wedding, wedding party, wedding reception, woman"
Punjab Nahi Jaungi,"muslim, wedding, groom, bride, hotel, lawn, flower, blessing, friends",MC-VCR_sample/sa_14.jpg,"person, person, person, person, person, person, person, person, chair, potted plant, chair, potted plant",MC-VCR_sample/sa_14.json,south-asia,"building, person, night, night view, palace, reception, stand, wedding party"
Bajrangi Bhaijaan,"brothel, procuress, girl, saree, wooden chair",MC-VCR_sample/sa_15.jpg,"person, person, person, chair, handbag, handbag",MC-VCR_sample/sa_15.json,south-asia,"cosmetic, dress, garment, girl, sari, stand, stare, woman"
Main Hoon Shahid Afridi,"cricket, sports, pakistan, match, athlete, field",MC-VCR_sample/sa_16.jpg,"person, person, person, person, person, person, person, person, person, person, person",MC-VCR_sample/sa_16.json,south-asia,"ball, bat, cricket, cricketer, game, person, man, play, swinge, wicket, woman"
Jawani Phir Nahi Ani,"couple, bedroom, work, computer, anger",MC-VCR_sample/sa_17.jpg,"person, cell phone, bed, person, laptop, remote",MC-VCR_sample/sa_17.json,south-asia,"bed, lamp, computer, laptop, lay, man, remote, wall lamp, sit"
Na Maloom Afraad 2,"hotel, sofa, chat, friends, tea",MC-VCR_sample/sa_18.jpg,"person, person, person, person, person, cup, cup, person, suitcase, cup, cup, person, bowl, book, chair",MC-VCR_sample/sa_18.json,south-asia,"armchair, beverage, chair, conversation, couch, food, person, living room, man, sit"
Teefa in Trouble,"wedding, groom, friend, chatting",MC-VCR_sample/sa_19.jpg,"person, person, person, person, person, vase, person, potted plant, tie",MC-VCR_sample/sa_19.json,south-asia,"conversation, couple, garment, person, man, reception, stand, tie, wedding, woman"
Super Star,"singing, dancing, pakistan, saree, women",MC-VCR_sample/sa_20.jpg,"person, person, person, person, person, person, person",MC-VCR_sample/sa_20.json,south-asia,"girl, stand, woman"
Dangle,"wrestling, fight, office, angry",MC-VCR_sample/sa_21.jpg,"person, person, person",MC-VCR_sample/sa_21.json,south-asia,"actor, beard, cinema, conversation, man, muscle, shirt, stand, stare, vest"
Dangle,"wrestling, sports, practice, coach, children",MC-VCR_sample/sa_22.jpg,"person, person, person, person, person, person, person, person, person",MC-VCR_sample/sa_22.json,south-asia,"arena, bend, pillar, floor, man, martial, muscle, ring, shirtless, wrestle, wrestler"
Dangle,"money, winner, coach, children, wrestling, sports",MC-VCR_sample/sa_23.jpg,"person, person, person, person, person, dining table, person, chair",MC-VCR_sample/sa_23.json,south-asia,"cinema, person, man, muscle, shirtless, stand"
Dangle,"kitchen, pot, father, children, bed, poor",MC-VCR_sample/sa_24.jpg,"person, person, person, bench, chair, vase",MC-VCR_sample/sa_24.json,south-asia,"alley, boy, chair, child, pottery, man, play, push, rocking chair, stand, stool, walk"
Dangle,"women, work, chat, crop, saree, countryside",MC-VCR_sample/sa_25.jpg,"person, person, potted plant, person, person",MC-VCR_sample/sa_25.json,south-asia,"crop, floor, person, hut, land, machine, man, mill, potato, stone, sari, spin, squat, woman, job"
Dangle,"pray, religion, couple, luck",MC-VCR_sample/sa_26.jpg,"person, person, person, person, person, person, person, person, person, person, person",MC-VCR_sample/sa_26.json,south-asia,"bracelet, catch, clasp, crowd, hand, person, man, prayer, sari, stand, woman"
Dangle,"student, sister, uniform, school",MC-VCR_sample/sa_27.jpg,"person, person, person, person, person, chair, person, person, person, person",MC-VCR_sample/sa_27.json,south-asia,"crowded, girl, neck, ponytail, student, scarf, school, school uniform, walk, wear, woman"
Dangle,"cold, wet, mother, daughter, sister, worry",MC-VCR_sample/sa_28.jpg,"person, person, person, person",MC-VCR_sample/sa_28.json,south-asia,"child, cloth, floor, girl, stool, woman"
Dangle,"clothes, beg, bedroom, sister, mother",MC-VCR_sample/sa_29.jpg,"person, person, person, person, vase, suitcase, person, bed, bed, person",MC-VCR_sample/sa_29.json,south-asia,"bed, child, conversation, family, floor, girl, person, room, sari, sit, woman"
Dangle,"shop, chicken, egg, customer, bargain, market",MC-VCR_sample/sa_30.jpg,"person, person, person, person",MC-VCR_sample/sa_30.json,south-asia,"animal, bazaar, bird cage, cage, chicken, conversation, crowded, food, man, market, pet, poultry, robe, stand, store, talk, vendor"
Dangle,"students, laugh at, neighborbood, haircut, sisters",MC-VCR_sample/sa_31.jpg,"person, person, person, person, person, person, person, person, person, person, person, person, person, person, chair, backpack, person, person, handbag",MC-VCR_sample/sa_31.json,south-asia,"alley, crowd, crowded, person, man, road, stand, walk, woman"
Dangle,"wedding, family, bride, sing, upset",MC-VCR_sample/sa_32.jpg,"person, person, person, person, person, person, person, person, person, person, person, person, person",MC-VCR_sample/sa_32.json,south-asia,"cosmetic, dress, garment, girl, prayer, sari, sing, woman"
Dangle,"pray, religion, champion, happy, congratulation, coach, father",MC-VCR_sample/sa_33.jpg,"person, person, person, vase, person, person, person",MC-VCR_sample/sa_33.json,south-asia,"award, catch, person, man, sari, trophy, woman"
Bajrangi Bhaijaan,"pray, religion, islam, temple, mosque",MC-VCR_sample/sa_34.jpg,"person, person, person, person, dining table, person, person, person, book, book, person",MC-VCR_sample/sa_34.json,south-asia,"canopy, cloth, decorate, fabric, person, man, material, pillow, pink, shrine, stall, textile, woman, job"
Bajrangi Bhaijaan,"police, policeman, lost, india",MC-VCR_sample/sa_35.jpg,"person, person, person, person, person, person, person, person, person, person, handbag, person, person, cell phone, chair, car, bench, handbag, bench, truck, person",MC-VCR_sample/sa_35.json,south-asia,"building, pillar, guard, person, man, officer, stand, woman, yellow"
Bajrangi Bhaijaan,"religion, soldier, oath",MC-VCR_sample/sa_36.jpg,"person, person, person",MC-VCR_sample/sa_36.json,south-asia,"backdrop, deity, festival, person, instrument, man, microphone, perform, shirt, sing, stage, stand"
Bajrangi Bhaijaan,"market, businessman, transportation, customer, help, lover, riding",MC-VCR_sample/sa_37.jpg,"person, person, person, person, person, person, person, person, bicycle, person, handbag, person, person, kite, person, person",MC-VCR_sample/sa_37.json,south-asia,"bazaar, bicycle, coach, cart, crowded, person, rickshaw, man, market, push, stand, street scene, walk, woman"
Bajrangi Bhaijaan,"mosque, religion, difference, belief, pray",MC-VCR_sample/sa_38.jpg,"person, person, person, person, person",MC-VCR_sample/sa_38.json,south-asia,"alley, bazaar, bulletin board, crowded, green, person, man, market, store, walk, woman"
Bajrangi Bhaijaan,"barbecue, cook, breakfast, market",MC-VCR_sample/sa_39.jpg,"person, person, person, person, person, person, elephant, person, horse, person, elephant, person, chair, person, person, handbag, dining table, bench",MC-VCR_sample/sa_39.json,south-asia,"crowded, table, elephant, food, person, hut, man, sit, stall, stand, stool, walk"
Padman,"wedding, family, elder, celebrate, bride, groom",MC-VCR_sample/sa_40.jpg,"person, person, person, person, person, person, person, cake, person, person, person, person",MC-VCR_sample/sa_40.json,south-asia,"groom, ceremony, couple, dress, garment, person, man, marriage, prayer, preacher, religious, robe, sari, stand, wedding, white, woman"
Hindi Medium,"wedding, clothes, customer, shopping, bargain",MC-VCR_sample/sa_41.jpg,"person, person, person, person, person, chair, person, person, person, dining table, person, person",MC-VCR_sample/sa_41.json,south-asia,"boutique, clothing store, pillar, department store, girl, person, man, retail, shopper, shopping, mall, stool, store, woman"
Hindi Medium,"water, poverty, angry, wait",MC-VCR_sample/sa_42.jpg,"person, person, person, person, person, person, person, person, person, person, person, person, person, person, chair, person, frisbee, bowl",MC-VCR_sample/sa_42.json,south-asia,"barrel, container, crowd, crowded, person, road, sari, walk, woman"
Hindi Medium,"bus station, crowd, passenger, commute",MC-VCR_sample/sa_43.jpg,"person, person, bus, person, backpack, person",MC-VCR_sample/sa_43.json,south-asia,"bus, bus stop, city bus, curb, drive, person, passenger, red, road, stand, tour bus, walk"
Sultan,"transportation, bus, elder, help, ticket, price",MC-VCR_sample/sa_44.jpg,"person, person, person, person, book",MC-VCR_sample/sa_44.json,south-asia,"headscarf, bulletin board, conversation, hand, greet, person, man, sari, shake, stand, talk, woman"
Sultan,"school, drinks, sweet, father",MC-VCR_sample/sa_45.jpg,"person, person, person, person, person, person, person, person, backpack, backpack, handbag, backpack, person, person",MC-VCR_sample/sa_45.json,south-asia,"canopy, cart, child, equipment, person, load, ride, stand, swing"
Secret Superstar,"kitchen, child, elder, filial, meal, tv",MC-VCR_sample/sa_46.jpg,"person, person, person, handbag, person, chair",MC-VCR_sample/sa_46.json,south-asia,"boy, child, floor, girl, grandmother, living room, mother, play, room, stand, stool, teach, toy, woman"
Eega,"pray, religion, wait",MC-VCR_sample/sa_47.jpg,"person, person, person, person, person, person, person, person, person, person, person, tennis racket, person, person, person, person, person, person, person, person",MC-VCR_sample/sa_47.json,south-asia,"pillar, crowd, hand, gathering, person, man, prayer, room, sing, stand, worship"
Lekar Hum Deewana Dil,"wedding, religion, ritual, groom, parents, happy",MC-VCR_sample/sa_48.jpg,"person, person, person, person, person, person, person, apple, cake, person, cake",MC-VCR_sample/sa_48.json,south-asia,"ceremony, deity, festival, floor, food, fruit, garment, person, man, prayer, sari, shrine, sit, stool, temple, woman, worship"
Masaan,"hotel, staff, reception, lovers, book",MC-VCR_sample/sa_49.jpg,"person, person, person, chair",MC-VCR_sample/sa_49.json,south-asia,"bulletin board, conversation, table, doorway, person, man, picture frame, room, stand, talk, woman"
Masaan,"funeral, death, burn, family, sad",MC-VCR_sample/sa_50.jpg,"person, person, person, person, person, person, person, person, baseball bat, baseball bat",MC-VCR_sample/sa_50.json,south-asia,"bonfire, camp, campfire, cloth, fire, person, hut, man, stand"
Masaan,"funeral, death, burn, body, workers",MC-VCR_sample/sa_51.jpg,"person, person, person, horse, person, person",MC-VCR_sample/sa_51.json,south-asia,"bonfire, firework, firework display, floor, person, man, night, night view, play, spark, sparkler, stand"
Masaan,"farewell, police, family, station, train",MC-VCR_sample/sa_52.jpg,"person, person, person, person, person, person, person, person, person",MC-VCR_sample/sa_52.json,south-asia,"boy, child, crowded, hug, person, man, passenger train, railway station, share, stand, subway, train, woman"
Sniff,"religion, pray, luck, god, belief, festival",MC-VCR_sample/sa_53.jpg,"person, person, person, person, person, person, person, person, person, person, person, person, person, person, person, person",MC-VCR_sample/sa_53.json,south-asia,"celebration, crowd, crowded, dance, deity, dress, festival, garment, person, man, perform, woman"
Sniff,"english, school, pupils, students, teacher",MC-VCR_sample/sa_54.jpg,"person, person, person, person, person, toothbrush, cup, tv, person",MC-VCR_sample/sa_54.json,south-asia,"blackboard, bulletin board, child, class, classroom, lesson, student, school, stand, teach, teacher, woman"
Sniff,"elder, grandson, child, clothes, grandmother, confused",MC-VCR_sample/sa_55.jpg,"person, person, traffic light",MC-VCR_sample/sa_55.json,south-asia,"headscarf, girl, scrub, sewing machine, shirt, stand, sew, veil, wear, woman, job"
The Extraordinary Journey of the Fakir,"servant, clothes, labor, mother, son, laundry",MC-VCR_sample/sa_56.jpg,"person, person, person, person, cup, chair",MC-VCR_sample/sa_56.json,south-asia,"alley, child, clothe, floor, person, laundry, man, sari, stand, wash, woman"
The Extraordinary Journey of the Fakir,"magic, money, park, street art, team",MC-VCR_sample/sa_57.jpg,"person, person, person, person, person, person",MC-VCR_sample/sa_57.json,south-asia,"headscarf, costume, dance, dress, festival, garment, headdress, person, man, perform, wear, woman"
"Gandhi, My Father","pray, religion, wedding, ritual, luck, mother",MC-VCR_sample/sa_58.jpg,"person, potted plant, person",MC-VCR_sample/sa_58.json,south-asia,"headscarf, catch, plate, dress, food, garment, green, head, man, sari, stand, stare, wear, woman"
"Gandhi, My Father","play, children, gift",MC-VCR_sample/sa_59.jpg,"person, person, person, person, person, bottle, book, book, book, book, bottle, book, book, book, bed, book",MC-VCR_sample/sa_59.json,south-asia,"bed, bedroom, child, family, girl, person, room, sit, woman"
"Gandhi, My Father","funeral, death, sad, family, mourn",MC-VCR_sample/sa_60.jpg,"person, person, person, person, person, person",MC-VCR_sample/sa_60.json,south-asia,"cinema, dress, floor, person, man, nun, robe, room, stand, veil, white, woman"
"Gandhi, My Father","train, respect, farewell, belief",MC-VCR_sample/sa_61.jpg,"person, person, person, person, person, person, person, person, person, person, person, person, person, person, person, person",MC-VCR_sample/sa_61.json,south-asia,"crowd, crowded, person, leader, man, passenger train, pilgrim, stand, train, train car, wave"
"Gandhi, My Father","colony, india, customs, passport, policemen, examination",MC-VCR_sample/sa_62.jpg,"person, person, person, person, person, bottle, person",MC-VCR_sample/sa_62.json,south-asia,"headscarf, table, person, man, robe, sewing machine, sit, stand, stare, typewriter, wear, white"
"Gandhi, My Father","kitchen, mother, hot water, grateful",MC-VCR_sample/sa_63.jpg,"person, person, cup, bowl, bottle, bowl",MC-VCR_sample/sa_63.json,south-asia,"actor, cinema, conversation, food, person, hut, man, pot, robe, shake, stand, stove, woman"
"Gandhi, My Father","train, station, tramp, homeless",MC-VCR_sample/sa_64.jpg,"person, person, person, person",MC-VCR_sample/sa_64.json,south-asia,"dark, floor, person, man, railroad, stand, subway, train, train car, train track, walk"
"Gandhi, My Father","servant, meal, wash, guest, invite",MC-VCR_sample/sa_65.jpg,"person, person, person, spoon, cup, potted plant, cup, bowl, bowl, potted plant, bowl, bowl, chair, dining table, bowl",MC-VCR_sample/sa_65.json,south-asia,"cuisine, dress, feast, floor, food, garment, person, man, meal, platter, prayer, religious, robe"
"Gandhi, My Father","promote, sales, grocery, businessman, product, seasoning",MC-VCR_sample/sa_66.jpg,"person, person, person, person, cup, bottle, cup",MC-VCR_sample/sa_66.json,south-asia,"apron, bulletin board, conversation, food, person, man, market, stand, store, woman"
Salaam-E-Ishq,"couple, breakfast, uncomfortable, fever",MC-VCR_sample/sa_67.jpg,"person, person, cup, tv, wineglass",MC-VCR_sample/sa_67.json,south-asia,"bathrobe, can, lab coat, liquid, living room, man, robe, stand, white, woman"
Bajrangi Bhaijaan,"sports, game, cricket, celebrate, audience, tv",MC-VCR_sample/sa_68.jpg,"person, person, person, tv, person, potted plant, person, person, person, person, person",MC-VCR_sample/sa_68.json,south-asia,"boy, child, football game, girl, person, man, play, room, shirt, stand, television, video game"
Bajrangi Bhaijaan,"bus, story, luggage, festival",MC-VCR_sample/sa_69.jpg,"person, person, person, person, person, person, person, person, person, person, car, person, person, person, person, person, person, person, chair, person, person, chair, chair, person, person",MC-VCR_sample/sa_69.json,south-asia,"bus, coach, city bus, crowded, person, man, passenger, ride, subway, tour bus, trolley, yellow"
Pad Man,"clinic, injury, colleague, help",MC-VCR_sample/sa_70.jpg,"person, person, person, person, person, handbag, bicycle, bench, motorcycle",MC-VCR_sample/sa_70.json,south-asia,"building, bulletin board, church, person, man, motorbike, motorcycle, stand, store, walk, white"
Pad Man,"lover, sugar, amusement park, eat, play",MC-VCR_sample/sa_71.jpg,"person, person, person, person, person, donut, person",MC-VCR_sample/sa_71.json,south-asia,"blow, carnival, cotton candy, couple, festival, person, ice cream cone, lollipop, man, share, woman"
Drishyam 2,"meal, wash, clean table, after meal",MC-VCR_sample/sa_72.jpg,"person, person, person, chair, bowl, chair, chair, bottle, bowl, bowl, spoon, dining table",MC-VCR_sample/sa_72.json,south-asia,"table, dinning table, plate, food, person, kitchen table, man, platter, stand, woman"
Parava,"celebrate, champion, sports, teammates, leader",MC-VCR_sample/sa_73.jpg,"person, person, person, person, person, person, person, person, person, baseball bat, person, baseball bat, person, person, person, chair",MC-VCR_sample/sa_73.json,south-asia,"alley, catch, cheer, crowd, crowded, person, man, pole, stand, youth"
Helen,"motorcycle, daughter, father, pick up",MC-VCR_sample/sa_74.jpg,"person, person",MC-VCR_sample/sa_74.json,south-asia,"adjust, bicycle helmet, conversation, helmet, person, jaw, man, moped, motorbike, motorcycle, ride, scooter, stand, wear, woman"
The Great Indian Kitchen,"lovers, meal, house, shy, honor, prize",MC-VCR_sample/sa_75.jpg,"cup, person, cup, person, chair, cup, book, book, book, potted plant, cup, book, book, book, book, book, book, dining table, chair, chair",MC-VCR_sample/sa_75.json,south-asia,"beverage, breakfast, coffee, coffee cup, conversation, couple, table, dinning table, plate, food, person, man, meal, platter, sari, sit, stand, woman"
Gangubai Kathiawadi,"politics, fame, power, ego, ordinary people, status, peddler",MC-VCR_sample/sa_76.jpg,"person, person, person, person, person, person, person, person, umbrella, handbag, person, handbag, person, person, person, person, person, person, person, person, person, person, person, person",MC-VCR_sample/sa_76.json,south-asia,"alley, catch, crowd, crowded, dress, goggles, person, man, road, stand, umbrella, walk, woman"
Kumbalangi Nights,"chat, children, chess, football, boat",MC-VCR_sample/sa_77.jpg,"person, person, person, person, person, person",MC-VCR_sample/sa_77.json,south-asia,"boy, chess, child, flood, person, log, man, sit, water"
Uppum Mulakum Onam Special Flowers,"flower, festival, dance, boat race, harvest, southern india",MC-VCR_sample/sa_78.jpg,"person, person, person, person, person, person, person, person, pizza, person, person, person, person, person, person, person, person, person, person",MC-VCR_sample/sa_78.json,south-asia,"ceremony, pillar, dance, dress, festival, garment, person, prayer, reception, sari, stand, temple, woman"
Gangubai Kathiawadi,"celebration, saree, dance, festival",MC-VCR_sample/sa_79.jpg,"person, person, person, person, person, person, person, person, person, person, person, person, person, person, person, person, person, person, person",MC-VCR_sample/sa_79.json,south-asia,"dance, dress, garment, laugh, sari, wear, woman"
Raja Rani,"college, class, break",MC-VCR_sample/sa_80.jpg,"person, person, person, person, person, person, person, person, person, person, person, person, person, person, person, person, person, person, person, person, person, book, person, person, person, book, person, person, person, person, person, chair, person, chair, person, couch, chair",MC-VCR_sample/sa_80.json,south-asia,"canteen, class, classroom, pillar, crowded, table, person, lecture hall, student, room, school, sit"
The Great Indian Kitchen,"lovers, pray, religion, luck, shy, chat",MC-VCR_sample/sa_81.jpg,"person, person",MC-VCR_sample/sa_81.json,south-asia,"actor, cinema, conversation, man, sari, stand, stare, woman"
Kumbalangi Nights,"lovers, temple, travel",MC-VCR_sample/sa_82.jpg,"person, person, person",MC-VCR_sample/sa_82.json,south-asia,"pillar, couple, person, ledge, man, pose, sari, sit, temple, woman"
Charlie,"jeep, travel, tourist, nature",MC-VCR_sample/sa_83.jpg,"person, person, person, truck, bus",MC-VCR_sample/sa_83.json,south-asia,"back, bus, car, drive, greenery, hill, person, jeep, lush, peak, ride, tour bus, travel, vehicle"
"Hyderabad Candid Wedding Video of "" Sharmila + Srikanth "" by Maru Rickz","wedding, family, bride, groom, flower",MC-VCR_sample/sa_84.jpg,"person, person, person, person, person, person, person, cup, person, person, person, person, person, cell phone, person, person, person",MC-VCR_sample/sa_84.json,south-asia,"bride, groom, ceremony, couple, dress, garment, person, man, marriage, preacher, reception, wedding, woman"
Hindu Funeral Ceremony,"funeral, hindu, death, burn, audience, monk",MC-VCR_sample/sa_85.jpg,"person, person, person, person, person, person, person, person, person, person, person, person, handbag, person, person, person, person, person, person, backpack, person, person",MC-VCR_sample/sa_85.json,south-asia,"cement, crowd, person, log, lumber, man, monk, robe, shirtless, stand, wash, water"
Har Kisse Ke Hisse Kaamyaab,"failure, heartbreak, sad, lost",MC-VCR_sample/sa_86.jpg,"person, person, person, person",MC-VCR_sample/sa_86.json,south-asia,"dance, dress, garment, person, man, prayer, robe, sari, stand, woman"
